ID,BlendProperty1,BlendProperty2,BlendProperty3,BlendProperty4,BlendProperty5,BlendProperty6,BlendProperty7,BlendProperty8,BlendProperty9,BlendProperty10
1,0.15493349699611644,0.2472,0.7353836,0.6016,0.35112994669938064,0.7132930556234146,0.7015007948875428,0.38130307,-0.2908,0.32617536714979667
2,-0.8102133376802412,-0.5894,-1.2259318,0.0636,-0.727740599004052,-0.1038345881465332,-1.2381291437149047,-1.0738428,-0.9927,0.0030985836451460622
3,1.7692531488073755,1.143,0.99784267,1.054,2.4480923668225314,1.8612290048990086,1.0435441684722901,1.9962069,0.7627,2.228594989371188
4,-0.45334315920176105,0.2993,0.85645187,-0.731,1.902949275809984,-0.4388802065782745,0.7900155746936799,1.6428499,0.84,-0.967538655404172
5,0.15540049139544512,-1.174,1.0621793,0.4653,2.390637184459722,0.23731528366366045,1.1845337176322936,0.031446066,-0.4797,1.0615987602489096
6,-1.4875136460775469,-1.696,0.473068,-1.459,0.0067023247610984524,-1.6287660986616486,0.4798166543245316,0.106229424,-0.9575,0.07269872288889923
7,1.1487105506559976,0.5493,-0.065102175,-0.00848,-0.11110506349291702,0.5491962143234995,-0.08684445567429065,0.1541179,1.346,0.25636997876407636
8,2.1134961874886042,1.267,0.85689056,1.439,-1.522482253376083,1.4809103743581715,0.8321456491947175,1.0789921,1.719,0.5445263330202441
9,1.4034218497353972,1.115,1.3017644,1.784,-0.5514566504565873,0.9673109721193752,1.302336926460266,0.31242633,1.034,1.034924064925174
10,-0.9573018940364287,-0.8076,-2.4705143,-0.593,-1.2012535466608671,-0.6395855208532543,-2.5501998472213745,0.31125548,-0.658,-1.2275853871121152
11,0.050302089714154646,0.4932,0.74749976,0.435,1.68611368227541,-0.23469000074918633,0.7538363480567932,-0.030905839,-0.8403,1.0127479093355645
12,1.8671640629828674,0.9277,0.8535867,-0.3477,1.1345468727331078,0.544962766321275,0.8077364027500152,1.1227229,-0.1754,1.0901379001017835
13,0.5281361984686616,-0.5522,0.812987,0.03635,-1.3702996154747005,2.6223640346125126,0.8059985995292663,0.69612384,1.434,1.878339582035202
14,-0.24823673768676288,0.8975,0.6117331,-0.8853,2.7457264412106586,-0.4484164144052389,0.6301301491260528,0.072481014,-0.969,-0.3616689770694884
15,0.5068110978533481,2.03,0.5792972,1.596,-0.2095958421659902,0.1785139494526697,0.6049713850021362,0.8891405,0.4285,-0.4208849605424293
16,-0.08022923039498239,-0.81,1.1158961,-0.7563,0.5421917900705521,-1.1392165001049386,1.1294973492622375,-0.091231726,-1.657,-0.05058985924398518
17,-1.4838242913522406,-1.467,-0.17164737,-1.574,-0.793390868689937,-0.14726385932218236,-0.1647619764506817,-0.9559905,-0.3208,-1.4085315964001113
18,-0.2662375013235357,-0.4788,0.36092415,-0.73,-0.04844807284722338,-0.17880325191501384,0.38774243474006653,0.94076383,-0.1531,-1.003855001773715
19,0.16466685986982782,-0.4119,0.82589895,-0.7104,1.617601147995932,-1.0032963078430914,0.8033039426803589,1.5795952,-1.287,1.611499969893928
20,-0.8379802471457589,-1.587,0.42266798,-1.389,-0.776256050709527,-0.8400076618733708,0.4374555504322052,-0.030611997,-1.407,-1.7963066491608513
21,0.16232361325288897,-2.15,0.22266689,-0.9385,1.7891124274172312,-1.931929363634722,0.26566866904497144,0.9918971,-1.022,0.5059153777934052
22,0.35374986027453564,0.979,0.08263813,1.587,1.3697111199706875,1.8800319741241875,0.1404779329895973,0.7892602,0.6733,1.6649380996403647
23,0.9924962269153439,1.604,1.2304002,0.815,1.5403988800133535,0.28594538075514864,1.2084230518341064,0.93344593,0.1091,1.391167264735127
24,0.1108532300193075,0.681,0.4710241,0.3704,-0.9979084304798341,0.25243920737951103,0.4879813891649246,-0.696504,-0.1405,-0.024973420665293372
25,-1.4954491308643276,-0.949,-0.09256591,-0.586,-0.5563108693913515,-0.34380130413338816,-0.05672045640647412,-1.1348127,-0.3784,0.043567284040297374
26,-0.3900335624768287,-0.562,0.16702285,-1.036,-0.31147160633694976,0.2431606599117429,0.16447569012641905,-1.3402528,0.00765,-1.777472435074184
27,0.7855055382983811,0.3118,-0.53070974,1.639,-1.3628866041849017,0.3706643106003671,-0.5462965488433837,0.67509395,0.639,-1.0260741430420066
28,0.18494099463449593,-0.332,-0.49242336,-0.592,-1.160435862134233,-0.3644858317400466,-0.5259737700223923,-0.99933815,0.792,0.7017624265131313
29,-0.8169868050253335,-1.544,-0.4888541,-0.5586,-0.44017993130098065,-0.7995273858343367,-0.46908314526081085,-0.9399198,-0.4216,0.18535734163313675
30,-0.1914104003998556,0.1473,-0.6597896,-0.8403,-1.7300479063726093,0.1547540887094398,-0.732857964038849,-0.9061743,-0.2219,-1.7476175188225518
31,-1.1753352023105712,-0.3728,0.15721747,-0.5513,1.0648151019709797,-0.903070662558503,0.13998937144875528,-0.080140814,-1.41,0.30706310173476814
32,-1.3345703466668575,-0.42,-0.34064275,-1.096,0.37826731661311724,-1.479358587677783,-0.3105447632074356,-0.2931001,-0.607,0.27402953908145466
33,0.6376972327757959,0.598,-0.3535185,0.564,0.14118865419663804,-0.44154119031234523,-0.36560486853122715,0.076958016,0.558,-0.1565534983573188
34,0.6345329055293639,1.036,0.06860398,0.04532,-0.9751520232345711,0.04509361821235999,0.003909149132668972,1.2589031,-0.184,-0.6098491256936683
35,-0.7327599389414712,-1.371,-0.31047845,-0.8965,0.1133373892371407,-0.4342877716989636,-0.2438136315345764,-1.2420342,-2.447,0.21731518247996262
36,1.8106733519798222,0.3152,0.548982,0.648,0.8027327334854053,0.5878857420937011,0.5449526524543762,1.4226944,-0.404,0.35455428257238736
37,0.012736658023229649,-0.244,-0.5234321,-0.03357,-1.275274035226002,0.34124841470895995,-0.5350701594352723,-0.19056456,1.797,-0.22902219526486056
38,0.280054758221418,0.7983,0.41239133,1.367,0.30592060444740843,0.7080080748881313,0.41159724473953246,-0.086832985,1.127,-0.6584013344932418
39,-2.0739147457143408,-1.493,0.14800344,-1.435,0.24057113323586146,-0.2660707091990418,0.12307966232299805,-1.7439842,-0.832,0.0794311820353219
40,0.24824527064573568,0.761,0.46571106,-1.319,-0.22447400314780977,0.29862602291422297,0.4704930531978607,-0.2548733,0.8267,-0.3939658314065461
41,1.9305135040045989,1.282,1.5289202,1.45,2.2784099421252066,2.2413716005980193,1.4593611121177674,1.449324,1.452,1.9048321945816824
42,2.1242366348364476,0.675,1.2938125,0.756,-1.207568977739861,0.5982066927224304,1.2897928643226624,1.1226499,1.463,2.2724650175832077
43,-1.723450132333164,-0.4248,-0.9344659,-1.289,-0.5046109645042152,-0.43075553400568467,-0.8936948919296264,-2.1408637,-0.8525,-1.5213887669383626
44,1.2029774293552522,0.448,0.20199557,0.592,-0.336373709365824,0.5287736139663527,0.20975703746080399,1.8757696,0.2612,0.18058657562669145
45,-0.5987305401836287,-0.6523,-0.15693113,-1.564,1.7936832273450622,-1.3887360065128054,-0.19402668148279192,-0.08472023,-1.193,0.4269143035823395
46,0.7312152732029836,1.048,0.8218463,0.556,0.7581169668894613,0.8413121574237692,0.8191497135162354,0.43766212,0.9595,-0.9773731625633834
47,-1.4550548674096273,-1.923,-0.6818372,-1.208,-0.07305873557651842,-2.076453100846601,-0.71020663022995,-1.2630837,-2.473,-0.40333377855242203
48,-0.13767743030016347,0.2864,-0.251231,0.1316,-0.4403323358613119,-0.5875148390691911,-0.27826202601194383,0.14308003,0.761,-0.5524356708242099
49,-0.3681649387148296,-0.9897,0.4120876,-0.0902,-0.9134081230687566,-0.5774904577734491,0.40809010446071625,-0.31697026,-1.368,-0.047635124820048794
50,-1.8776464184181632,-1.56,-2.2149863,-0.719,-0.5628228221402446,-1.471206398830327,-2.181880130767822,-2.1319444,-1.968,-1.8493427969784828
51,2.4791606277277936,0.999,1.6879241,0.466,2.341562916033031,-0.9670702362411667,1.954418818950653,-0.61698663,-0.559,1.9232320169991621
52,-0.16247109922735545,1.073,1.6348069,-0.2764,1.0268690402126945,1.2960084023062801,1.8298242712020873,0.36949345,1.176,-0.8335325949190279
53,-0.05211907916860374,-0.11505,-0.2906627,-1.101,0.018060475152107184,-0.6651318368656554,-0.31052736937999725,0.6571064,0.3528,0.35669865078274804
54,1.5437143743220005,0.59,0.22397295,0.4827,0.7505141183402999,-0.4435513716961082,0.2912328478693962,0.6869657,-1.064,2.4255632089893964
55,0.9572346666861576,0.565,0.70741165,0.2042,-0.10271479138204477,1.2623086301524673,0.6741637611389161,0.15990728,0.909,-0.43337314766224266
56,0.6867582449621307,0.1261,0.684402,0.00703,-0.105641226316828,0.5996565098939625,0.7202534902095794,1.1985105,-0.0816,-1.000292953373243
57,-0.07177465250892541,0.3271,0.34628692,0.2524,-0.2037015289510713,1.1550852251815527,0.2866592878103256,0.33697447,0.5215,0.7090311179866544
58,-1.626289028420645,-0.9146,0.45645684,-0.196,1.2395816893256728,-0.8876808073402636,0.45771593093872065,-0.4232351,-2.277,0.14193335298163315
59,-0.4742459287458662,0.2014,0.24608517,0.686,-1.3741110663650924,-0.6744630830633533,0.2628046092391014,-0.48678508,0.1957,-2.1716354128919684
60,-1.008570061911524,-1.641,0.09446813,-1.538,1.8430288828397128,-1.026548712300047,0.20087115943431857,-0.8534719,-1.279,0.621653348519465
61,-0.4243375803870842,-0.1091,-1.9617088,-1.098,0.04390508006724274,-0.9053799980140894,-1.9836274313926698,-0.6250725,-0.475,-1.1971250063282861
62,-0.11475197010904133,-1.342,0.1587033,-0.6714,-0.9612016584358218,0.94125071411136,0.11518786683678628,-1.0927131,1.129,-0.7554521896022697
63,1.5281821319950069,0.4067,0.4939291,1.829,-0.2332025064320494,1.243415786823289,0.5198265326023102,0.9223922,1.273,1.0885879480637772
64,-0.2776998949120398,-0.4192,0.8339915,-0.6104,1.0194533551586766,-1.7502301966191227,0.8353118920326233,-0.258493,-1.346,-0.2656158757032945
65,-0.4294562738756793,-0.949,0.9413211,-1.72,0.2015769559047689,1.2762725709479477,0.942255220413208,0.653767,1.264,-1.1356621349318525
66,0.6119095131270325,-0.3635,-0.379217,-0.8647,0.8277457977292595,0.029077985973804395,-0.2990567147731781,-0.8439412,0.618,-0.20886600616966533
67,1.0874877270936205,1.756,1.3769318,0.4495,-0.13992289421662205,1.369652462479749,1.3293646812438964,1.6937945,0.8516,0.6496875397599706
68,-0.9797991390688698,-1.004,-1.0133212,0.9336,-1.052168464604116,-0.9168393087115155,-0.9690797853469849,0.33056432,-1.102,-0.38958064491601396
69,1.5621433163455725,1.763,0.9289387,1.093,-0.4580460237945589,-0.1184041038549187,0.9584781002998353,1.1573632,-0.0948,1.6226867703293593
70,0.009686017616400155,-0.1545,0.35752553,-0.1836,-0.28724596565480687,-0.8500872112317522,0.3284945064783097,-0.3624596,0.3533,0.6093154818668585
71,-0.2786010164436092,-0.07794,-0.016929686,-0.4033,-0.8037931483736043,-0.5808320959167182,-0.023337770514190198,-0.0056939647,-0.4355,0.6952971863919593
72,0.695835604757407,-0.5283,0.11317007,0.572,0.2859582808082197,1.206500734934247,0.06268043197691442,0.27641863,0.3635,-0.9250721191211907
73,0.3484132161863254,0.8223,1.6717069,-0.4385,3.4992934635331765,1.604734661598771,1.9128946375846863,0.5416244,0.1515,1.6883744409586172
74,1.6595334491204425,0.98,1.3704622,1.158,1.7762275576586912,0.07305097138476821,1.2276857566833494,0.92415047,0.568,2.1799316102849855
75,1.1364120688625472,0.537,0.0027535,0.879,-0.5514860618629671,0.335180690719907,0.06374174833297729,0.63885045,0.902,0.48070183964721
76,-1.3099492354774829,-0.4397,-0.41098005,-0.4167,-0.28490374820129394,0.2069881224395698,-0.4253272205591202,-0.6001338,-0.5073,-1.1694665817581298
77,-0.5814970570791927,0.3267,0.72045785,-0.9556,-1.1313854139237072,-0.34607110016972603,0.7717367887496949,-0.45496374,-0.4187,-0.9821154568900078
78,0.8899559686645194,0.9644,0.906723,0.3547,1.01558709210185,2.1739344889955845,0.9227166771888733,1.783932,0.752,-0.3428906687104548
79,0.9586299248212775,1.025,0.39024383,0.939,-0.6396079829050767,0.3337139395271017,0.362501602768898,0.9594041,0.9355,-0.052565962921860276
80,0.7945096463987351,0.688,-0.80164623,0.7446,-0.7098918859778784,0.6088036538670136,-0.8710738313198089,-0.223972,1.991,0.5913281834970975
81,-0.060472464988154645,0.825,0.9860204,0.2347,-0.4546583645324573,-0.5601654939747085,1.0099537682533266,1.3735483,-0.07056,1.24147979533488
82,1.6360233130231578,1.168,0.9758458,-0.3345,0.3300580109104111,1.3979615209245255,0.8763977813720704,0.16923897,0.59,-0.4462605458139298
83,-0.7862155407097962,-0.468,0.68975294,-0.742,-0.7317352027432621,-0.24618354644631318,0.6576316511631012,-0.117219076,-0.384,0.1930077453171943
84,1.0616669081565047,0.5464,1.3470523,0.674,-0.47832518849338507,1.520233741596941,1.3239601111412047,1.5654615,-0.2327,0.4760390489546709
85,-0.3953800516629282,-0.3762,-1.4516844,-1.099,0.06236608509895776,-2.0986353450071284,-1.442716176509857,-1.3312304,-1.216,-0.3562197940825548
86,0.7524285987276277,-0.7036,0.8626307,-0.419,1.1627684540365704,0.10692030365869086,0.8324831962585449,0.3487267,-2.521,0.5620051447559348
87,-1.0199639127088136,-0.968,0.91561794,-1.123,0.0137597254101262,0.630597259262829,0.8708355605602265,-0.8117312,-0.3408,-1.468667551437975
88,-1.247783959789203,0.00506,0.24823138,-0.4893,-1.113587502417644,-0.7632388822484876,0.2530904510617256,-0.03737082,-0.7974,-0.681081216277489
89,-0.301809389141452,-0.4568,0.33184457,-0.5615,-0.4758706729427847,-0.8129736463663958,0.30045001208782196,-1.0963751,-0.677,-0.5881045853318461
90,0.30059744126422905,-0.8574,0.8486846,-1.216,2.1332419246453895,-0.8074790408710016,0.8679616129398345,0.30395904,-1.457,0.9407913770428266
91,-0.5539379769735688,-0.9746,-0.15978232,-0.5415,-0.888889705204926,0.13990639920269102,-0.22342173546552657,-0.13373247,0.95,-1.4881059636434362
92,-1.5119592622108908,-0.3816,0.24610727,-0.876,-0.48890794726165515,-0.8127811584352093,0.276768929362297,-1.1512293,-1.532,-0.6037390461954494
93,0.3083009172135643,-0.9966,1.6879318,0.658,0.6683092375089501,0.1993284451618381,1.7912856936454773,0.60707337,0.0716,0.84549002866173
94,1.844212433126408,0.7056,0.6105877,0.7095,-1.0234602582132808,0.6037811536878249,0.5940647983551025,0.6807468,1.122,2.256653130412543
95,1.282928293366186,0.632,-0.22175422,0.672,-0.25896689842069437,1.3638578111114055,-0.138082544952631,0.77203256,2.385,-0.8631811743985232
96,-1.634054360528306,-1.214,-0.073749915,-1.681,0.8458084118927391,-1.942147936503117,-0.06829130679368973,-0.40913612,-1.676,-0.06402432881164519
97,0.5816861796195754,-0.2026,-0.1425542,0.0703,-0.17458691039935226,-0.09537918645437825,-0.17665730863809587,-0.102073215,0.285,-0.8367829714063669
98,-0.7568134949348438,-0.2522,0.20347433,-0.9463,-0.9731841327713465,-1.479727991657557,0.21693707793951034,-0.40833172,-0.1765,0.025300628906167112
99,-0.5162771105335251,0.07275,-1.4844062,-0.2786,-0.046270291893014716,-1.3869321782621804,-1.511609845161438,-0.69359756,0.0718,-0.6900820302710112
100,-0.4238793347377423,-0.515,-0.26332527,0.3635,0.6352053627464546,-0.23895188169132678,-0.2718898594379425,-0.2013568,-0.4648,-0.49663810214240384
101,-1.3939709954841684,-1.503,-1.9120667,-0.991,0.49316431251764703,-0.8587566402800106,-1.9384893798828124,-2.0191998,-1.327,-0.5391184048884048
102,-0.8295961116824166,-0.9697,-0.51927274,-0.6216,-0.8252835282624328,-0.0702151684528634,-0.521880814433098,-0.4519783,0.01686,0.048044526894539336
103,-2.203728523664576,-1.62,-1.1422459,-1.261,-0.8881918527444617,-1.2965982327333025,-1.1721330547332764,-1.4439044,-1.311,-1.4520349894078655
104,-1.324499921562612,-1.285,0.93187773,-0.137,0.8703990213904119,-0.3278738052642272,0.915852597951889,-1.0274645,-0.2004,0.06720240193265974
105,0.6591349858774689,0.401,1.1938068,0.786,0.13488124441029425,0.16754385279944928,1.1692203259468077,0.85969335,-1.128,0.32698740472326
106,1.1139709145870824,1.138,-1.9147711,0.4866,-1.5309219901249578,0.6355414141772897,-1.9803001236915587,-0.8867998,2.213,-0.6547222113013818
107,-0.6929156575609428,-0.9565,-0.3065639,0.2573,0.3499160577451628,-0.42022614580526696,-0.27285604596138,-0.039043225,-0.5547,-1.2956171627052646
108,-0.847305222032276,0.03137,-0.1404768,-0.761,-0.8052022221156159,0.2816575993669013,-0.1633879178762436,-0.42296344,-0.9565,0.0015306101834629536
109,0.3555628362594584,0.5825,0.7673316,0.1097,0.6268311332208788,-0.48389730298566974,0.7025653493404388,0.074356854,-1.284,0.953326960240905
110,0.994410789730094,0.3445,-0.8101944,0.941,-0.43742996480447505,0.5887709454913306,-0.7752664303779602,-0.82692814,1.1045,-0.5285978771485086
111,0.15980812313999176,-0.1736,1.5869694,0.626,1.1924231729599883,-0.28998033833567116,1.6345167183876037,0.82425326,0.1147,1.2680228638200832
112,0.9537446965180517,0.57,0.3960337,-0.1649,-0.2685643750752443,0.2851813788984085,0.31823987782001495,0.84745014,0.9336,1.2414768075695737
113,0.1849089399545824,-0.1114,-0.28687844,0.4255,0.1887388770200158,-0.4150263266035159,-0.320649528503418,-0.16436394,-0.115,-0.4230444101120261
114,-0.3195115929391836,-0.841,-0.9006941,-0.5884,-0.8154574447673848,-0.16856050168515993,-0.9156183481216431,-1.9903746,-0.1567,-0.04859389995774942
115,1.2030351344575978,0.4082,-1.4120129,0.963,-0.35831729228932174,1.34797944148725,-1.4403384518623352,-0.19817439,0.907,-0.2506924073138514
116,-0.3883773435288131,-0.0868,-0.55753887,-0.353,0.3763248269099464,-1.2552070777589681,-0.5445472216606141,-0.31103963,0.3223,-1.0789838112792394
117,-0.16684471476250393,-0.488,-1.6873376,-0.754,-0.7967357477245786,0.011756707170056203,-1.6614383482933046,-0.53823006,-0.1699,-0.5988063772214965
118,-0.06292109386520661,-0.202,0.6569802,-0.699,2.81366678994784,0.8316246714472773,0.6057499217987059,-0.3325933,0.53,-0.5555356739378645
119,-0.6665057829472364,-1.122,-2.2692196,-0.1917,-1.6910711085089207,0.21125808590693645,-2.2521150541305546,-0.8425636,0.8677,-1.6228675535017338
120,1.0633295327069008,0.3694,0.5895264,1.037,0.2314883561929571,0.627386776131734,0.5073601454496384,0.55104285,0.11816,0.8263682421988437
121,0.10722114435216289,-0.04242,-0.09517328,0.228,-1.1154979069502184,1.3098813866229073,-0.005606137402355671,0.7442787,1.08,0.05254767674098473
122,-0.5241498260958762,-0.9717,0.2704986,-1.027,-0.13072514531241483,-1.299630603202832,0.4095169395208359,-0.6686303,-0.4902,0.8347893183947271
123,-0.05152515664171531,-0.3257,0.099562064,0.5537,-0.24367564086745166,0.7147524892041078,0.08630190327763557,0.18206285,0.414,-1.471613844815739
124,-0.4013331990076836,-0.9253,-1.5004929,-1.204,0.1146221329430918,-1.4790781313966792,-1.5057004761695862,-0.7099277,-0.911,-1.072727012756624
125,-2.010060963197929,-1.812,-2.3388553,-1.983,-0.18008149586392933,-2.0285963096900073,-2.3509972858428956,-1.6391315,-0.9497,-0.5769571779943409
126,1.1680693140111114,1.198,0.021048907,-0.3784,0.39702912011916863,0.8504314932238879,0.020232453048229217,0.54620576,0.537,0.383066830938225
127,-1.705437413359852,-1.344,0.8722917,-0.3567,2.7164447123954147,-1.4768945763749333,0.8918196046352387,0.10480125,-1.461,0.08872500433363062
128,0.5382484839355334,0.538,-1.1037984,0.8384,-1.2846910327959518,-0.7741686063650638,-1.1741189241409302,-0.46052942,1.232,-0.8790875421428704
129,-0.25455110399896,-0.7656,-0.06625382,-0.699,1.8465555778410612,0.37140810431945187,-0.04467465959489345,-0.35465294,-0.9287,0.2081298197590095
130,1.339846044936479,1.568,1.5739986,2.594,1.434987062666285,1.82134797910925,1.7088501787185666,1.2521211,0.4404,0.5178416267341278
131,2.5380791466917607,1.527,0.88720876,2.045,2.781768782846911,2.038504261494632,0.9603568017482758,2.4495542,0.939,0.38112565145892635
132,1.5874025030404935,1.434,0.8184951,2.285,-0.883833617071829,1.1323948508901713,0.7797300744056702,2.4647498,1.894,0.20508559104574633
133,0.32149882749765873,1.095,-1.0114777,1.791,-0.5392348742237008,0.4110389442781412,-1.0394423210620882,-0.96248037,0.437,-1.5154684533729785
134,-0.9567331500089504,-1.989,-0.016947906,-0.72,1.5968540745592472,-0.7281443864925695,-0.0294819888100028,-0.3707472,0.05237,0.27588987519911545
135,-0.6559516360181146,-0.1316,-1.7172244,0.2793,-1.2818608533729563,0.9393192730860077,-1.7158675408363344,0.3320915,0.5103,-0.22009749037885562
136,0.4696035838601279,-0.4946,-0.36441553,-0.0525,0.8696650731130268,0.39934413930573787,-0.3153022313117981,0.022698399,0.737,0.6201164608279973
137,-0.11694071108055173,-0.4653,0.21867152,-1.022,0.7994894574909865,-0.2769467109377915,0.17336231380701067,-0.2554557,-1.772,0.8113129948588057
138,1.6029907382947162,0.2179,0.64693564,1.676,0.1881158899576089,0.46518090040260296,0.6516482877731323,0.06273617,0.817,1.538288828813234
139,-0.09491862412395861,-0.734,0.21898763,0.3103,2.052756274205147,-1.2254849478813155,0.21566227048635483,-0.2375994,-1.531,-0.5574665474857
140,-1.1081985268096823,-0.3257,0.77785254,-0.8687,-0.09663064090776423,0.5485102090397599,0.8814820289611817,0.8871376,0.4414,-0.20672163668330223
141,0.3237370348770303,0.4148,-1.0580422,0.07623,-0.34118915871945127,-0.8381586707524072,-1.1293570804595947,-0.5538069,-0.6343,-1.33440700414856
142,-1.2152036997499125,-0.6514,-1.9378855,-0.7407,-0.9282301350020359,-0.27941604274151816,-1.952320804595947,0.04062415,0.715,-0.9449116475900957
143,1.1178179939903845,0.97,0.66478986,0.909,-0.9374305576704566,0.31330927717549567,0.6217255270481109,1.1215255,0.8545,1.1442850735739916
144,-0.09024404798866152,-0.2079,-0.14717652,0.1364,0.4879531460600009,0.23649041695943918,-0.11976339370012283,1.1224158,-0.3005,-0.5726816562794931
145,0.8273370141525288,1.263,0.9696972,0.6797,0.0397406923002946,1.3728515802861674,0.9182841444015504,0.6603786,1.852,2.28830310989045
146,0.005529449735295542,0.937,-0.013740411,0.32,-0.5977969949720711,1.889251056039936,0.0202215526252985,0.20330104,0.5347,-0.3559929485631439
147,0.24064074346246475,0.5283,0.12763631,-0.3774,-0.3779347003446013,0.13105377764860715,0.043417497910559176,-1.1581748,-0.02066,0.17033668439050298
148,1.356627685701972,1.249,-0.14815512,1.402,-0.10296211457205592,1.295121158400707,-0.19340889036655423,1.5005972,0.839,0.4434337015335179
149,-1.5465941674089088,-1.367,-1.6971121,-1.319,0.03756825887451875,-2.129610351890721,-1.6399096083641052,-1.8487972,-0.06116,-0.23428403400754028
150,1.7896102964957943,1.436,-0.2719286,-0.04645,-0.48925419972767115,1.1255431391081816,-0.27359153091907495,0.21588533,1.101,-0.40777033952146036
151,-1.2114748880781927,-0.5054,0.17472063,-1.273,0.5854252205666495,-1.5350356552653168,0.1808527585864067,-1.1640631,-0.5063,0.3610618159666378
152,-1.0781033538698768,0.215,-0.10245049,-0.8887,-0.21714254166660818,-0.016726519000733048,-0.12005016565322876,-0.6845075,-1.23,-1.0548488716745033
153,-0.031319277075258556,0.4377,-0.74561876,-0.676,-0.4577438884381126,-0.05499927871412573,-0.7551936447620392,-0.8755598,-0.7827,0.8636055427399102
154,2.0013536270722048,0.6777,0.65778387,0.995,-0.3140076716961462,1.5717433580546856,0.6191936504840851,2.1600585,2.395,0.5261861399838522
155,1.2001677039018483,0.3484,0.6875986,0.3792,-0.824105735125135,0.3588837205693546,0.6879391539096832,1.5980842,0.2908,0.6726459631624552
156,1.1713278607167317,0.5493,-0.47466755,0.859,-1.3366101863488276,0.08329673946083982,-0.5137111985683441,0.5813553,1.704,0.8499565853107868
157,0.21276054618504991,-0.06946,0.068833694,0.2383,0.4714185881461599,-0.6907180425332179,0.06388098806142808,0.5049221,0.289,1.2001070919798413
158,-0.6704695765179028,-0.7837,-0.083046824,-0.1732,-0.006072920664570024,-0.7267166562057535,-0.060090738423168664,-0.354793,0.664,-0.010722438455432361
159,-0.11435125319482589,-0.576,-0.65542537,-0.2161,0.8261776350163761,0.2804922011938452,-0.46400875687599186,0.4220248,0.0095,-0.02768460355248542
160,1.95646909438985,0.0672,0.38114515,-0.4236,-1.3628625403069552,0.4441110435054332,0.33502697527408604,-0.5185448,-0.8633,-0.5182499943478964
161,0.46374909942143583,-0.1177,-1.7609541,-0.0191,-0.41553183587265585,-0.09443498876867813,-1.725765323638916,-0.9277898,1.174,-1.4972821749874254
162,0.9814473669353863,2.008,0.4672784,0.615,-0.45361024895965163,1.1854857628284263,0.46507471144199364,1.162612,1.465,2.0040771313002277
163,-0.5516130084756674,-0.947,0.18134177,0.07556,1.867733127316579,-1.5131951278120903,0.18960814058780667,0.74414563,-2.043,0.5404939965240422
164,0.5658283730041617,-0.2554,-1.1373241,1.049,-0.23995910860673975,-0.5393529550655775,-1.2854319047927856,0.90032023,-0.01857,-1.2814898663616066
165,-0.6666430906325808,-1.171,-1.192622,-0.419,-0.3934625860309917,-0.009407733374568183,-1.2022854447364808,-1.0561793,-0.6846,-1.4132676659079604
166,-1.2279420665188094,-1.256,-0.32782313,-1.164,0.11396973447430572,-0.4905059689727812,-0.32515888333320614,-0.3129205,-0.0811,-1.7593224517806343
167,-0.2884916163144689,-0.4646,1.6724256,-0.04175,2.49544205732968,-0.5503944615206872,1.9996625471115113,0.18469822,-1.525,0.20724756355810642
168,0.06266433847070992,-0.3572,0.23438263,-0.9365,-0.10011589256376238,0.42761005893205184,0.1834562760591507,-0.5354652,-0.3818,-0.10296173968311971
169,0.15347604971116005,0.0723,-2.6091938,0.0943,-0.6951701402027132,-0.19698625205467996,-2.61306824684143,-0.56313115,-0.10364,-1.6341196886793745
170,-0.45272043609651585,1.291,0.66207516,0.872,-0.48202033064036537,-0.3426242933769893,0.6782652270793916,0.5413655,-0.5283,-0.5142612555725338
171,-0.4069050133185796,-0.3489,-0.2553835,0.002367,-0.6850900491071158,1.1700570560510264,-0.2706992435455322,0.007887071,0.405,-0.8015001544287632
172,-0.17300755531185236,-0.375,-0.48402292,0.6104,-0.16348945201943582,0.18145545591723122,-0.3941884827613831,-1.0968252,-1.026,-1.7001998173120856
173,-1.121400594860009,-0.556,0.5575794,-0.6455,1.4394883447244942,-1.0487309382305037,0.527576190829277,0.57704574,-1.09,-0.346308154264901
174,-0.6767003600086843,0.5938,1.4528522,1.043,2.3922133684652533,0.11545931769930944,1.4759298181533813,-0.89686394,-1.062,0.8204066029272792
175,-0.4842008690067982,-0.865,1.0608542,0.3196,-0.6515356450741663,0.11727188167341834,0.97977609872818,-0.03767375,0.2249,0.5727655003086891
176,1.0191631707725208,1.573,1.4404616,1.17,2.5693449002692987,1.265573203854598,1.4618777990341187,1.6083612,1.144,2.102084372651282
177,0.21002334261424713,0.4067,-0.107299484,0.33,-0.3932473480115765,-1.5189055020476139,-0.12008089751005173,0.23991616,-0.4143,1.2433496639051782
178,0.9873005479616019,-0.11426,0.606091,0.981,-0.5368298233111027,1.2345447449778841,0.6090515756607056,1.3640747,1.572,0.8057257493937395
179,-0.7998630756504925,-0.925,0.8120038,-0.9346,0.5205342999182028,-1.4108212612547304,0.7380626142024994,-0.5529973,-0.822,-0.2856068933054561
180,0.08684213070625328,0.41,0.22618218,0.619,-0.17499465944234388,-0.6463627932174388,0.2193301060795784,0.16140233,-0.6904,1.493029007863315
181,0.48089890588866246,0.7856,1.593889,1.344,1.7385408510293925,1.0266661394625418,1.5812493419647218,1.0875288,0.543,-0.4793090908157293
182,0.1123825972042678,0.352,-1.1025865,-0.1636,-0.12025869528755512,-0.3388455164117692,-1.1287045097351076,0.17033526,0.08997,0.16304825885368243
183,0.640784370894257,0.898,0.9839462,0.9224,-0.38858296633617256,1.262980457474986,1.0848855996131896,1.3291888,0.3457,1.7020261325683497
184,-0.9326717586955239,0.02318,1.628952,0.5166,2.552540292169607,-0.5589525512465879,1.7338522291183474,1.5400367,0.2267,0.3634878851063865
185,1.8501571198641122,1.341,-0.14916429,0.862,-1.0084002812647495,0.10655968640801039,-0.11596779882907868,0.03922348,-0.1266,1.9003959723642878
186,-0.27860907852386363,-0.4578,0.072058626,-0.654,0.10188030957012646,0.5288250221127991,0.1180053961277008,0.6307794,0.2285,-0.22113271565014375
187,0.7572429542068778,0.3154,1.5004871,1.167,0.0003588191578328061,0.5243701954874288,1.4565342020988463,1.5943655,0.192,1.1074463741960765
188,-0.8312280863850717,-0.1664,-1.62048,-1.268,-0.3998301555122032,-1.3856252811636809,-1.6919699835777284,-1.574168,-0.193,-1.3976547256512128
189,-1.3993570858233728,-1.535,-0.26406857,-1.476,-0.4656355035226379,-1.409369274587304,-0.24713618844747542,-1.4209269,-1.276,-0.5459999383022156
190,-1.3991300537112288,-1.3125,-2.1032681,-0.562,0.21131614206278496,-1.199486700942294,-2.0961083078384397,-1.8995249,-1.305,-0.557245741932391
191,0.9384952750697005,-0.07635,1.4671295,1.199,-1.482862415218369,1.6482775357292554,1.4907393217086793,1.4241722,1.627,-0.4150961462702607
192,2.8704960385047213,1.19,1.5339407,0.47,3.378611778746597,0.5518564770944726,1.6787740659713744,2.3479943,1.116,2.15483677580559
193,-0.04064243388119456,0.692,1.4722154,0.511,2.2021729030247257,0.7315477477681113,1.4724500560760498,1.9071652,1.691,-0.2516347006019569
194,1.0779276920969225,0.08844,0.18389969,-0.01656,-0.141924206732552,0.31327408143158086,0.22463871985673906,-0.86159116,1.352,1.0376127739192826
195,-0.1126310411407532,-1.065,0.0422358,-0.7773,1.6683545403504842,-0.5066554995562302,0.04219056654721498,0.023608312,-0.9136,0.4900397080873048
196,1.0188212530919587,0.9424,1.6444557,1.479,-0.7011125811735279,1.4365143887079073,1.7235564970970152,1.6055186,0.4033,0.42213008454677514
197,-0.38604354303010835,-0.313,-2.0527444,-1.065,0.16783004084824324,-0.6627033671716543,-2.062167205810547,-0.4637134,-1.082,-1.5163337095179297
198,0.7838123680145591,1.231,1.398243,1.003,-0.4441611662191087,0.9990028848297915,1.3368524098396302,1.6783291,0.7354,1.9614522922006725
199,-2.061594649376917,-1.532,-1.6296775,-1.38,-0.3788972554624835,-1.6230841418127495,-1.6197130870819092,-1.5870678,-0.7046,-0.3082644977945681
200,-0.0719456568309,-0.06903,0.36934108,-0.4067,-0.5738454151221037,-0.2046398981903084,0.38161311089992517,0.44137073,-0.532,0.6075130454387782
201,-1.6375530143928576,-1.103,-1.9610697,-1.828,-0.4399727145742141,-1.9706755407409486,-1.9234395098686217,-1.4416596,-0.1902,-1.6051842361899145
202,1.717690594585002,0.748,0.6029562,0.6543,-1.1757338040980185,2.455581146518671,0.5273137044906615,0.80047715,1.825,2.398805201990871
203,1.231942409723737,1.531,0.009579846,0.792,-0.22639643961935718,0.3057249126592361,-0.025858291536569593,0.9371311,0.907,1.7325515729529501
204,2.8661511804003608,2.564,1.5171648,0.557,1.0351323085232904,1.1441142087963019,1.3895468091964722,0.5317025,-0.151,0.25917638722484315
205,-1.3789285419041708,-1.794,0.26111335,-1.3955,0.882091392308463,-0.5206922870408346,0.28878933101892473,-1.7935041,-0.7197,0.3040702661834212
206,1.9573713803973767,0.9004,1.1438801,1.523,-0.49050017385248595,0.6598880126704958,1.1226985192298888,1.0314991,0.4778,2.063790074624703
207,1.4922099994915372,0.7583,0.19752365,0.977,-0.10190597770660165,0.1562067468441815,0.22070223450660706,1.8712299,-0.294,1.8511970306908185
208,0.9446453560261795,1.595,0.6540171,1.244,-0.39330216017801134,1.851108562718397,0.6857168996334077,1.6315954,0.97,-0.6990918172138544
209,-1.339683272334447,-0.9614,-0.505265,-1.537,0.039137758469509926,-0.39353901801305535,-0.5202696526050568,-0.55988085,-1.193,0.5771637898375751
210,-0.8379199686559459,-1.15,0.48025972,0.934,1.68548534768457,-0.2634095505555485,0.5627272081375121,0.89822215,-0.8643,0.5892905123192655
211,0.3075132697618025,0.442,-0.5973586,0.539,-0.40102532811690667,0.4114174757990367,-0.5974622118473053,0.29416186,1.293,0.7051083437487872
212,-0.2413801439120849,-0.3096,0.30605683,0.0922,-0.778840243824619,-1.1029587329147943,0.34590338289737704,0.1902537,-0.537,-0.7570322761377907
213,-0.7995810353038818,-0.3887,1.3079147,-1.095,2.3169576008321706,-0.6668496799308089,1.2946668815612794,0.96136445,-0.735,-1.1756700829414506
214,0.09905533686458318,-0.00852,1.1987302,0.2905,1.258133602340741,-0.21114607131166338,1.1916099882125852,-0.20439038,0.0006814,-0.12476244405889277
215,-0.1909511699669303,0.006836,-0.47619104,-0.1277,-0.06964968620068529,-0.3106396267667613,-0.4678303915262222,-0.85595244,1.268,1.1667391014902428
216,0.7688544133394734,2.3,1.6686214,1.881,2.0997075738440647,1.6938172248152148,1.7485161304473873,1.8626893,1.385,-0.3012613509200195
217,1.680061389270901,2.139,1.6912975,0.6846,2.3485334193450287,1.3069016412180168,1.929621891975403,1.1822102,1.796,0.7171562889420054
218,0.22658773327146042,-0.4802,0.71310514,-0.481,1.1448582444334203,0.2708319585157679,0.7153744590282439,1.617096,0.09674,-0.606052790810301
219,-1.611481504097584,-2.256,-0.91385305,-1.742,-0.47002315060165023,-2.0950342164423525,-0.8760655987262727,-1.4388015,-1.243,0.1536158900607219
220,1.427964195613136,1.497,0.7720199,-0.543,-0.8413287873246837,1.718786397596229,0.6582567691802979,0.22806036,1.4,-1.249348742875907
221,-0.5330692219765091,-0.4668,-0.8861626,-0.4153,-0.2718357255939349,0.1138856844348246,-0.9025885879993438,-0.86333954,1.407,-0.94351961584082
222,-0.5806924066038555,-1.7295,0.89614457,-0.3179,1.1352995373600068,0.16035296260867954,0.9484705519676208,0.23174274,-0.06354,0.37243628614075996
223,0.5799880830903661,-0.4883,0.6381723,0.1002,1.6104715557130629,0.26413143602533085,0.6136612963676452,0.23153071,0.0649,0.6188860889740521
224,0.4146981545965738,-0.0701,0.93201464,0.6646,2.215882629044007,0.642962816855049,0.8975840055942534,0.76490545,1.037,1.0959695058595387
225,-1.3641879659330616,-0.08386,0.6029048,-0.8145,-0.39518449018631474,-0.24493609003210018,0.6214657402038574,0.41288528,0.4114,-0.4457393376218056
226,-0.07150515130266061,-1.043,0.9751957,-0.1746,-0.3932286316620621,-0.9373173976644621,0.9208293378353118,-1.4350293,-0.7896,-1.596966374142509
227,1.6884854865951784,0.882,0.51661754,1.057,1.7477131991735413,1.4061770959349138,0.543464514017105,1.1457644,0.353,-0.857222921285639
228,0.049674037082932054,-0.775,0.83005494,-0.601,-0.8594729512967615,-0.6825420063176145,0.909095174074173,0.19867444,-0.6055,-0.3250032112747119
229,-0.6866687835438877,-0.3777,0.2170569,-1.097,-0.8944618298317777,-0.14273831006943158,0.20520302444696426,-1.5909872,-0.6704,-0.09402183270892134
230,0.45737626749679294,0.3035,1.1893073,0.334,-1.1250138337961724,0.10579682704612936,1.1525820636749267,1.5284731,-0.468,-0.9536400780832783
231,-0.16263217457246465,0.3699,-2.0756805,-0.7764,-1.370893191130728,0.22300298180646438,-2.0673574113845823,-0.5923894,-0.882,-1.6102942804880356
232,-0.18477874461179675,-0.3164,-1.7431892,-0.4343,-0.9911130587240096,-0.4528683187016548,-1.740272972583771,-0.61750543,-0.464,-1.1348181883291302
233,1.1779744013938207,1.879,0.69586426,1.526,-0.6449488269272143,0.8082332398870632,0.6743169534206389,1.153888,1.104,0.8481166949837685
234,-1.4889809395342428,-0.3538,-1.9431463,-1.84,0.44906725617967114,-1.4346202365827827,-1.9133401775360106,-1.1417086,-0.362,-1.5380607783790519
235,-1.0805846966937476,-1.92,-1.0832415,-1.054,0.8306241049081486,-1.5499142995545612,-1.0650965189933774,-0.77654016,-1.528,0.07513109325527158
236,0.559886472411915,0.6514,-0.7819678,1.536,0.3195166954874937,1.6993858512584055,-0.9018758046627046,0.9027115,1.497,-0.5378299748782565
237,0.06330324502518468,-0.3945,0.7776134,0.915,0.6847395186183557,0.3114137815608662,0.7071353542804719,0.045682054,-0.0703,-0.05096363770179026
238,1.5386314526062277,1.087,1.5210041,2.3,0.7460462583347969,0.9895664613370571,1.5277025604248045,1.3731172,1.605,2.109579741235804
239,-0.3939347020091513,-0.829,-1.3664812,0.1858,-0.42067348446067643,-1.3561259456321255,-1.3889807057380676,-1.1840421,-1.076,-0.9981230741580859
240,1.9971735683971117,2.107,0.8847642,1.767,-0.6251415816125739,1.1511620272790306,0.8868122327327729,1.4161408,1.161,-0.19707306903691818
241,-0.7931891804271862,0.304,-1.6420841,0.701,-0.983626518918259,-0.6954568026396368,-1.733930857181549,0.0672583,0.0001831,0.20194371602214806
242,-1.1584618996753975,-0.2554,0.24645257,0.2241,-0.3353269306751275,0.31435722126080007,0.22839024811983108,-0.41324717,-0.05988,-0.471230124791874
243,-0.6540176182381794,1.003,0.34796464,-0.015396,0.2715493654463684,0.12242641759190306,0.31438394546508786,0.58366835,0.1439,-0.882717826011045
244,1.2133755020264596,1.144,0.43701917,0.773,-0.2105329965238172,0.4693714063232233,0.4091695427894592,0.60979617,0.595,-0.254602691928293
245,1.372580068932628,0.7983,0.2599041,0.97,-1.3446969862211455,0.8311670803277083,0.2570983803272247,0.7521183,1.799,0.9607773512692318
246,-1.1493662388950916,-0.5645,-1.4709817,-0.2476,-0.9963817111123044,-0.5191493971346257,-1.4917604899406434,-1.2180345,-0.4734,-1.607675553815431
247,0.44160044224328415,-0.519,1.2807947,-0.2412,0.19486447083964897,0.03444057626460595,1.2675975131988526,1.2591795,-0.4585,1.1403685695315442
248,-0.5107864728353135,-0.7837,0.38711298,-0.974,0.1729890689036692,0.06670277258026915,0.3826418387889862,-0.3326164,-0.3794,1.0718342735676363
249,0.9436315011536099,1.932,0.6144446,0.7124,-0.3860054576316208,0.39862617393188354,0.635436761379242,-0.22647405,1.269,1.8565275529624734
250,0.891768112861273,1.899,0.7111775,2.135,-0.4960950254751747,0.33521067489040984,0.684572606086731,1.2141049,0.03047,1.9218514105126607
251,-1.4848546909580365,-2.201,-0.12780237,-1.278,-0.249458992867392,-1.8467738407877023,-0.16762378096580505,-0.8387219,-0.305,-0.12063596819378167
252,-1.112973778197822,-0.01442,0.13935065,-0.146,0.313350995204615,-0.36630011208946556,0.12072242826223371,-1.1609831,-0.1567,-0.7324114812292677
253,2.238419027293333,2.441,0.6115556,1.831,1.9411426607582818,2.3840292501004714,0.6179673767089844,3.1154652,1.883,0.6893770625591001
254,0.0837287177184028,-0.2396,0.4680695,0.862,2.038352706371727,0.45943676091720675,0.44652037084102625,-0.8278469,-0.546,0.22832892742351046
255,-1.424518103087576,-1.591,-0.9224184,-1.126,-1.1444012981288463,-0.552747859123391,-0.9185497462749481,-2.034674,-1.069,0.2234651433399221
256,0.646689022717271,0.5347,1.2692378,0.2003,0.45390676941124575,1.316255596119618,1.251010615825653,-0.059456617,1.005,-0.8123088719711178
257,1.7020964031913548,1.404,1.3092196,2.537,-0.047866529130169415,1.1255467964499721,1.3652496337890625,1.3170993,1.657,2.5357117656459045
258,1.348511678725984,0.9697,0.60270494,1.773,-0.40718701775346217,0.7602528965999247,0.6010825300216676,1.3801907,0.824,0.6540184056593665
259,0.7542403701264564,0.4026,0.32318783,1.111,0.13447884289573556,-0.021605730300315446,0.33487673640251153,0.2982607,0.4043,-0.7221977107822021
260,-1.4200192315087443,-0.5757,-1.5946729,0.2659,-0.5093034207038913,-0.3749432306261985,-1.5594061732292173,-0.41374564,-0.2255,-1.4513815009363633
261,-0.027165407786011078,1.406,1.5623363,-0.01797,1.4996213019499627,2.2328825784018758,1.652782473564148,1.6178133,1.665,-1.2079858144166122
262,-0.7166105824829754,-0.8125,-0.7508446,0.2292,0.5790282396790576,0.8228611714973549,-0.7226783192157745,-0.6536624,0.548,-0.9916616796245025
263,-0.25156856140650247,0.947,0.75552475,1.447,-0.9298023083612419,0.547069681353468,0.8700432419776917,3.0825,-0.1416,0.7910250950080332
264,-1.8202557892608433,-0.3538,-0.43323153,-0.4478,-0.6566077757925622,-0.6394011815150135,-0.43266404688358306,-0.8532473,0.2341,-1.3975422276880132
265,0.05422187670600999,0.67,1.1475608,-0.4746,1.759142204316285,-0.4025379929313791,1.1364187955856324,0.62823117,-0.423,-0.051247443480676974
266,1.3959428387486228,1.253,1.2772076,1.368,2.354113565264531,1.390623755349783,1.229830229282379,1.6509136,1.1455,0.003370348793944451
267,0.7238409312340265,0.7256,0.88407266,1.199,0.5052965176492857,1.500679493075057,0.8868866467475891,0.5973493,1.209,-0.14637529793528117
268,-1.7803950907465131,-1.007,-0.5852006,-1.29,-0.3932647274789829,-1.6779837958566521,-0.4198211872577667,-0.34934783,-1.165,-0.32680314458850435
269,0.2603750991460026,-0.191,0.6818403,-0.07,1.3467314534133588,0.987706903895593,0.7033220767974854,0.64841336,-0.3008,0.8693913748411283
270,-0.751385364181936,-0.318,0.5596319,-1.02,2.00931027945385,-0.2641216758533225,0.5730892860889435,0.040319137,0.1693,0.6057546267890913
271,0.17686810218623944,-0.3413,-0.41043147,0.5063,0.5780870746749069,0.4688710857964182,-0.45485166609287264,1.6239773,-0.1073,-0.24492024166891002
272,0.37727993612308663,0.3047,0.55078334,1.322,-1.643000838545467,-0.5467550471933629,0.41495882630348213,0.13563393,0.0728,0.0210913772992383
273,1.465770766449097,0.843,1.2664995,1.473,0.47843454544983394,1.2545317303254102,1.2761104106903076,0.9133193,-0.006886,2.53225877362402
274,1.129344558584031,1.511,1.1913153,1.724,-0.7142367528294297,0.16095121823354477,1.2335957670211792,0.09244372,0.243,1.4930872189641111
275,0.22589962452013718,0.321,0.5046005,1.305,1.5030143087404964,1.1473579791632034,0.5340097403526307,0.49837318,1.222,-0.4175186839895228
276,1.0154418408872132,1.197,1.6643574,0.9185,0.16151460976924897,0.5600011884586085,2.277212381362915,1.732037,-0.1912,1.6580351644303115
277,0.855887785194597,0.6055,-0.95361775,0.9785,-0.8193424241737266,-1.0627444631846523,-0.9517597925662995,-0.3794519,-0.0404,0.4442026274575607
278,-2.16451036361955,-1.673,-1.9681677,-1.214,-1.1319883477544908,-0.1368586496376197,-1.8899049615859986,-1.8431383,0.1415,-1.5990112730786241
279,1.7349342599401227,0.95,0.623521,1.497,-0.43909571991125484,0.836481421683172,0.4778279173374176,1.600291,1.378,0.4105407415100684
280,1.3093021798705902,0.535,0.5751711,1.708,0.4563211784986004,1.004978674842718,0.546313110589981,0.09412901,1.8,0.6387257800045545
281,-0.2228254765475436,0.1873,-2.1735911,-0.543,-0.14755649105427115,-0.07935363033558071,-2.2452630949020387,-1.4255108,1.538,-0.8497439594865732
282,-0.11153904779215854,0.334,-1.4983299,-0.3247,-0.5538469956659943,0.6778532071511745,-1.496029417514801,-0.49844423,1.469,-1.297481841399923
283,-0.2060463504971396,-0.1395,0.07013806,0.04727,0.11006336495423305,0.7740610820848448,0.02407711286097765,-0.9434293,-1.598,-0.032477963572508706
284,-0.8475116092669682,-1.495,-0.24177663,-1.506,0.03923535086340644,-1.617643512267957,-0.2024487441778183,-1.1984677,-1.064,0.05463427997603299
285,0.3787040600243084,0.2042,-0.9383432,1.601,0.3012762760036271,0.7054643517960107,-0.8926085436344147,0.6031738,0.377,-1.2659249627193643
286,-1.27120710864757,-1.448,-1.3745985,-1.724,-1.6557506832110798,-1.8158953087529528,-1.359484314918518,-0.73739976,-1.679,-0.5648181728835355
287,0.2696098558464656,-0.2461,-2.1522393,0.611,-1.37294396828466,-0.5616107171248715,-2.123623518943787,-0.7318505,1.7,-1.1859265494221296
288,2.1926075267516314,2.596,0.80399054,2.758,1.8016069276001856,1.7672822966822803,0.6520648550987245,1.8331277,1.501,0.9480749460759837
289,-1.3274998180237874,-1.177,-1.7184017,-1.217,0.22468496314448147,-1.0892475997149118,-1.7298278903961184,-1.247668,0.1309,-1.3402478991051099
290,-1.3768670857640883,-1.544,-0.47130102,-0.865,-0.3038968323120609,-0.8780205385494152,-0.44902992963790894,-1.0436532,-0.5913,0.5446203405788925
291,-0.8876527404638411,0.1304,0.104187965,0.0328,-0.8410226413219132,-0.3535313513294806,0.0707118958979845,-0.41891655,-1.679,0.9776216866062395
292,0.9351027712526547,0.0405,0.1814651,-0.1947,0.7323204897302199,-0.19381617035016166,0.14779299691319464,1.3873396,0.0628,1.4445444650192538
293,-0.7284722412536256,0.1871,-0.20223236,-1.115,0.049648325603940106,-0.9782576536979214,-0.18621336847543718,-0.23595755,-0.3958,0.2815279206521359
294,1.1419175444302965,0.7505,-0.2284976,1.176,-0.049736827199498596,1.0896892415336854,-0.23088035523891448,0.3090934,1.532,-0.07233567111482898
295,-1.4513268802003705,-0.3508,-1.5086759,-0.735,-0.9981370373203314,-1.6506238779689455,-1.5878497266769407,-1.0688484,-0.909,-1.3622793523060184
296,-1.5652839407795949,-1.389,-1.1324928,-1.805,-0.47852304704539333,0.2517720743681011,-1.0935898041725158,-1.6557642,-0.575,0.06581710859895562
297,-0.9324105036152689,0.01692,-1.0559905,-0.251,0.12311801874051007,-0.48682240093227813,-1.079295964241028,-0.9601105,-0.3945,0.17332378985644778
298,0.3041421778079554,-0.05508,-1.3987427,-0.9414,-0.36732787769838426,0.1036150790027923,-1.3414154815673829,-0.003868381,0.912,-1.2293068567655856
299,0.7635928431370822,-0.00157,1.3234937,0.871,2.2967185425965915,0.29541321260383535,1.2814495611190797,0.6253114,-0.45,0.420629394612711
300,-0.916225887792836,-1.475,-0.95418036,-1.534,-0.9627203565107026,-1.559025744632868,-0.9366564154624939,-0.148108,-1.4,-0.5070704769091431
301,0.5115440370975805,0.5464,-1.5482974,0.3616,-0.7293809533507759,1.3997655034317094,-1.5241264009475708,0.09429038,0.5293,-1.3503861082294562
302,1.0158526992125798,1.439,1.6406177,0.519,1.893315703338513,0.6846784634288394,1.759775710105896,0.39042848,0.3083,1.0209071791350943
303,-0.2702370535682992,-0.3909,0.66681004,-0.1277,1.9168742398486769,-0.16818933923615215,0.7124360299110413,0.023463372,-0.5557,0.5333890664071075
304,0.4748223296743579,1.203,0.4150712,-0.4287,0.1426431819303265,0.8324081067130947,0.4406377005577088,0.7138134,0.527,0.6029716260895533
305,0.4517562385113734,0.761,0.92381346,1.216,2.139466447741027,0.8164301467464766,0.9024589276313781,0.92923725,1.095,-1.0810700968030589
306,0.4127919944424141,-0.549,0.8300107,0.807,-1.438047453188306,-0.05179704054318395,0.8391306221485137,0.38790902,-1.085,0.8740685818967614
307,-0.2624050153876015,-1.435,0.7511129,-0.745,1.3632513056240114,-0.2618780680940523,0.6889404380321503,0.38599724,0.5063,0.8556092791696334
308,1.163176852960622,1.963,0.8539523,0.487,-0.14633190704318783,1.2540669177341972,0.8140934205055237,1.7834485,1.033,-0.25503062146590366
309,0.08719110370049171,1.019,1.4816921,-0.31,-0.9605345542638455,-0.6111805834252341,1.4521094465255737,0.4712573,-0.7573,2.3542872025132504
310,-0.06963108387445331,0.7593,-0.6813364,-0.6157,-0.11006764297697749,0.47194219654178954,-0.6670790565013885,0.6078185,-0.2067,-1.1657529850481405
311,0.7863414829598222,-0.8594,0.7748273,0.5913,-0.08675509277471666,0.9796672714373745,0.659352022409439,-0.33943415,0.2125,-0.35034241536533756
312,0.12343137398250592,-0.974,-1.3054168,0.1371,-0.5874161054021331,-0.016733208023538487,-1.2954137134552002,-0.9129874,-0.6333,0.10570985650699466
313,0.05712653979314239,-0.3071,-1.7154554,-0.5312,-1.062783308542982,-0.4678966893548549,-1.7825090956687926,-0.8151021,-0.7104,-1.4654766800742964
314,0.9792526042830916,-0.6846,-0.19010992,1.407,0.3513104257839839,-0.3652605868295149,-0.20187958121299748,0.08117758,0.7554,0.8376434330598337
315,0.1313727788454709,0.4788,-1.8347632,-0.2783,-0.3598306428357688,0.4396043144315009,-1.676987431049347,0.8252307,1.608,-0.47839062201115407
316,-1.871511968467342,-1.24,-0.65041554,-1.037,-0.9245630673793253,-0.8909255408631404,-0.6456936454772949,-0.7466729,-0.301,-1.1573558660563557
317,-1.262629725819047,-0.8423,-1.8356731,-0.935,-0.054243456786138664,-1.8322846525063177,-1.8973786067962646,-1.5649424,-1.715,-0.8939576785398108
318,-0.21851354755702257,-1.22,-1.2611775,-0.51,-0.879960669604461,-0.6444000781344689,-1.2676384663581848,0.37027428,0.7305,-0.03425947613200121
319,-0.5362634719286595,0.0949,0.17978132,0.7007,-0.6131925293297523,-0.5128996754117421,0.20434538304805755,0.68461263,-0.4097,-0.2799256004988438
320,-0.7089451568847605,-1.372,-0.2975679,-1.215,0.3514548090516664,-0.9820703951002174,-0.2961969083547592,-0.43482333,-1.275,-0.041493896295591845
321,0.7794170314151139,0.598,0.8134077,-0.4548,0.9926769434141464,0.27818619752859186,0.7843186628818513,0.16085324,-0.2913,0.7575362718392512
322,1.0024488683254786,2.502,0.49164724,1.196,0.11182938621912561,1.1914598506208076,0.4777641838788986,1.2287725,0.6763,-0.5169660373234868
323,0.3712432269012947,1.337,0.5387407,1.275,-0.3087978421206098,0.06415174309845344,0.5410263645648956,0.79746854,0.8955,1.5816812974720502
324,1.2366258217760049,0.516,0.9213586,1.668,-1.2746069310540258,0.037166933824085854,0.9054717695713045,0.8859679,0.2151,1.7667726619407549
325,-0.9548844988978178,-2.37,-0.007884573,-0.886,-0.318895312683615,-1.4624992184974215,-0.007599831521511076,-1.2277287,-1.38,0.2767548712892842
326,-1.093699330528381,0.6104,0.7752158,-0.9487,-1.122488463493839,-0.5611289737508713,0.7527478921413421,-0.53400356,-0.822,0.9996341567558343
327,-0.5428295722325402,-0.4285,1.1587425,-0.2379,-0.4763412554448604,-1.1751637440594802,1.1438424444198607,0.7827781,-0.1417,-0.5732742599929408
328,-0.9618812499192264,-1.098,-0.44600707,-0.75,-0.0903365999425029,-1.037585904905417,-0.4053068059682846,-0.07346152,-0.1102,-0.6444152776197559
329,-0.5561774750377094,0.776,0.49080992,0.2795,2.151620042986398,2.358802369162701,0.45027788937091834,0.04760942,0.749,-0.34331990309307253
330,0.21484976886839616,-0.1476,0.015830034,-0.1974,-0.7930954177440319,0.5518310595531202,0.0040469239465892315,-0.2726665,-0.8105,-0.13641425721456693
331,-0.3845842010989404,-0.8364,-0.93774396,-1.116,-0.3015532779764379,-0.4918102611208044,-0.9596250092983245,-0.91548014,-0.6216,-1.162837845679011
332,-0.7590733210529537,-0.2551,-0.73330986,-0.32,0.31137909409506415,-0.7964414389710657,-0.702041755914688,-0.94145745,-0.5103,0.03688093928388725
333,-0.5894206446118561,0.509,0.6313349,-0.7573,2.284361741270776,-2.2558176428399648,0.576704409122467,1.8603127,-1.137,-0.4450654243607749
334,0.9606537023513332,1.072,0.71663153,1.488,-0.09069889499381682,0.08246662017946464,0.7426925408840179,0.19104347,0.4316,-0.39576522375832746
335,-0.8664465482257931,0.06015,0.9041647,-0.5303,2.1517109509697536,-0.1951163609975586,0.8816154384613037,-0.3595248,-1.047,-1.4604827083524219
336,-0.11649962181300888,0.553,-1.3733858,-0.869,-1.172705766123014,-0.42624756762337873,-1.4220864605903625,-1.011029,1.076,-1.242454431433991
337,1.5181190398877868,1.054,1.4839325,1.358,1.9663977006637117,1.4588405245388605,1.450913419723511,1.3387544,0.801,1.9519274896456775
338,-1.4523374088327823,-0.7993,0.6285804,-0.62,-0.7590570623879248,-0.8455930266262799,0.6690269219875337,-0.71091276,-0.2124,0.22076125021892706
339,-0.8217630751963587,-0.2822,-0.9107442,-0.6763,0.46733842395202496,-0.172290028218736,-0.9021741068363189,-0.0010897213,0.6836,-0.611344683623945
340,0.6558664942039164,0.2842,0.7859607,0.934,1.269855384665173,0.6598687267468012,0.8080938804149627,0.4343048,0.1306,0.21266597608021026
341,0.29999396905166903,-1.279,1.0300376,-0.4607,1.9006244378238757,-0.16960311559677224,0.9752926778793334,-0.50908756,-0.6035,0.13692028222470604
342,-1.496741795749326,-1.362,-2.7318532,-0.6274,-1.2198295235538867,-1.1491494042122012,-2.7497843074798585,-1.9549878,-1.265,-2.0763012772823237
343,1.6826794135293974,-0.3486,0.8302059,0.2139,-0.7150789885575766,0.9799476226914527,0.8521384322643281,-0.0716549,-0.465,1.2711691967753274
344,-1.1554452307027934,-1.663,-1.2187759,-0.888,-1.0231607966210512,1.4831027651334192,-1.2513263511657713,-0.7829027,-0.6616,-1.513242738199798
345,-0.12595293866803753,-0.1128,-0.5284847,-0.5864,0.05622444869402687,0.4739747135064553,-0.44429627597332005,-0.8580198,-0.742,-0.24503007041165104
346,-1.3601013703821394,-1.655,-1.845095,-1.768,0.26016848805951975,-2.4001790422316613,-1.8295729756355286,-1.8406808,-1.873,-1.7832330752900687
347,-0.1825165501382799,0.6914,0.71753156,1.098,0.17758660647366445,0.07658880031182096,0.7625495314598083,0.84259546,0.3376,-0.029354036460987817
348,0.4875919074692652,0.4062,-0.2496082,-0.629,1.049442294609136,0.2698176438924708,-0.24766235560178756,1.1972303,-0.292,-0.9994721551162126
349,0.23046008381287106,0.4778,-1.8270369,-0.474,-0.6215333368026215,-0.27602219322439303,-1.8314636254310606,-0.42601663,2.004,-1.2666619894473072
350,0.1881755948148025,0.03543,1.2628047,0.545,-1.274449178965262,0.7963129791158511,1.2758153343200684,1.196785,0.375,1.3351694132939638
351,0.1549204814360564,0.503,-0.1902175,-0.327,-1.7292551352824643,-0.5650043633635341,-0.18447565615177153,0.7457409,1.214,-1.3180547767118964
352,0.30226347484633725,0.525,0.9239849,0.7417,0.49293436879504154,0.5509931613830824,0.9108137392997742,-0.36157542,1.005,0.9336091746180555
353,0.5384084027982006,0.9614,0.12946102,1.024,0.5812822229134313,1.8902647206407979,0.1421137970685959,0.42934212,-0.0812,1.5605058587151583
354,-0.20206604797696662,1.181,1.1846445,1.288,1.1109482297596978,-0.18063045571021039,1.2324316048622133,1.5782548,-0.0242,-0.9762182863685368
355,0.8637222127969882,-0.6846,0.50637186,-0.1611,-0.5964226801648717,0.8693989522881624,0.5193750935792923,0.83803767,-0.5244,1.1517589183666115
356,0.8158749710312285,0.2676,-2.2280693,0.4702,-1.5394740249709193,0.7489982826383303,-2.289318685531616,-0.2557712,1.744,0.7355379966432252
357,0.37198794267573004,0.3564,0.5361764,0.788,-0.5256454675941561,0.3628578750885964,0.47458084642887116,0.4549889,0.5537,-0.24853896164395786
358,-0.010738758448062144,-0.1898,0.4320045,-1.047,0.27658272658362604,-0.33022383815436224,0.42338505208492283,-0.111542895,-0.1498,-0.049060178400327004
359,0.5914611493614842,0.2532,-0.061042883,0.09784,-0.20471622247117197,-0.14541902401660012,-0.06631459228694439,-0.5332101,-0.09076,-0.3734674163282895
360,1.0712838997530716,1.53,0.42613298,2.023,1.8559137525982516,0.9988330205754438,0.386236110329628,1.3087057,0.3354,1.244139335882527
361,0.8239037808986978,0.426,0.7783365,0.637,-0.20689935095381248,0.5682439399585809,0.7576094317436218,1.2089268,-0.551,1.4091855552581363
362,-1.018788059579876,-1.477,0.56608665,-1.146,-0.5572105910501493,-0.7999520489341871,0.5791891455650329,-0.18727241,-1.144,0.4149025804967806
363,1.241979999538878,0.02367,0.532161,0.9087,-0.4460916239833051,0.9855032040886358,0.6186899626255036,-0.17037335,-0.1222,-0.9531321689388005
364,-0.722894823499663,1.588,1.408848,-0.2073,2.2980500771763275,0.8622030824269353,1.4150623989105224,0.6023995,0.9214,-0.03932942563738359
365,1.4173285056810863,1.12,0.20321603,1.33,-0.16525279952011182,0.7752534735323351,0.1986436998844147,-0.02504147,1.505,1.329017408364021
366,-0.43925639069443595,-0.2267,-0.20475654,-1.184,-0.6325358765528588,-0.7448934597412544,-0.20869594722986223,-0.7862972,-0.3198,-0.12240682706643768
367,-0.8646325501448451,-1.603,-1.2419679,-0.7397,-0.3223685324006398,0.22314972726334842,-1.2353898119926452,-1.5570854,-0.767,-1.0044360086150017
368,0.9160807449506826,0.5063,0.04535059,1.086,-0.5742184052302829,1.280172864729196,0.060122696757316595,0.32756037,1.923,0.2704174004893428
369,0.36766224470522185,1.175,0.6477842,0.983,0.06037546763989266,1.5718678426224673,0.6688055193424225,1.3499763,1.98,1.4668859755927806
370,-0.15505369985001866,-1.708,-0.3138636,-0.3115,0.484945161316619,-0.9383078046588766,-0.30379482686519615,-0.3506439,-0.4868,0.14429937574975094
371,-2.0449070345074305,-1.252,0.36154062,-1.044,-0.05398276477504551,-1.68922160407429,0.41060257315635684,-0.39668673,-0.9014,-0.7416636324172788
372,-1.0153515562796056,-1.21,0.7647134,-0.5757,0.8651036313599518,-0.6872405595849287,0.702882025241852,-1.3465136,-0.7026,-0.6214858384316004
373,1.219833131845221,0.2788,-1.1576475,1.699,-0.09272828203401744,0.8492586185344332,-1.158774542808533,-0.037976313,1.331,1.5605523986580714
374,0.2048668105517512,0.04034,0.77396405,0.6562,-0.3492238201895509,0.9539968338016068,0.7622405123710633,0.29858384,-0.009224,1.849693249045749
375,-0.6587870750074476,-1.299,-0.674715,-1.778,-0.6403833745278154,-1.5190779242232753,-0.7398491656780243,-1.6353111,-1.533,-1.6757021088180806
376,1.9843383334774929,0.7427,1.0572933,0.8765,2.6558278038467917,-0.2601927355619489,0.9772366893291474,0.7270972,-1.247,1.043815659906976
377,-0.233131217486268,-0.1786,-0.3372863,-0.402,-0.779988625555537,-0.2707284499984823,-0.2985524708032608,-0.4002456,-0.3936,-0.4995662611482958
378,0.5410112637264065,-0.1288,-0.16976804,0.559,-0.5357710126814323,1.4730809009223116,-0.15322252750396728,-0.41699266,1.285,-1.1198304553657847
379,-0.015282311090685008,0.7456,-1.0975134,1.706,-0.7871329235415956,0.46744171729798567,-1.080699861049652,-0.22107565,2.098,-0.96562529553539
380,-1.7341815695799758,-2.07,-1.7863802,-2.35,-0.2117054421326815,-1.5539258875629298,-1.9261098337173461,-2.1014888,-1.671,-1.5165801998434636
381,-0.9737195356986278,-0.9536,-1.2166857,-1.347,-0.8965914830300926,-0.7391740915715842,-1.2776955556869507,-1.0238773,-1.276,-0.4645202555450488
382,-0.04734147684008616,-0.59,-0.8741547,-0.407,-0.8675824781649191,-0.006218784909168431,-0.8918476510047914,-1.0401973,-1.604,0.10610298419915538
383,1.4939414695900943,0.995,0.9883512,0.87,-1.728839364946823,0.3614639355683961,0.9783268344402313,0.4021493,-0.1614,2.1578657782247044
384,0.9522675530175433,0.924,0.22683878,-0.5537,2.075445837345,1.0069712935298334,0.28120290011167526,0.8142665,0.586,-1.2325727453430837
385,0.4580916904026548,1.099,1.5142877,0.7397,-0.3170263514963936,0.9426134023270683,1.4982153725624083,1.7990866,1.175,1.016168990804992
386,1.0965911500236187,0.688,-1.173688,1.127,-0.5560862731971791,0.8895448842197519,-1.2751820826530456,0.67176485,0.7354,-0.7246253144128921
387,-0.11106433391423935,-0.827,0.1763117,-0.0951,-0.5513149409531212,-0.6843507750900167,0.2260902127623558,-0.71549225,0.6978,0.32733181971206143
388,-0.20497939561681047,-0.03345,1.2114613,-0.1255,1.8732464291306703,-0.3217187115085746,1.1945885968208314,0.47632113,-0.3088,-0.3603196252940494
389,-0.5323358081434857,-0.7812,-0.9334383,-1.043,-0.1877966425101764,0.40447190949506556,-0.9326505613327025,-0.608729,0.1085,-1.015569675941648
390,1.3339647248358169,1.502,0.8391509,0.839,-0.393251358657901,0.8800966885023739,0.8431418263912202,1.5947113,1.1455,-1.4465267935633972
391,1.371874074760193,1.022,0.29182854,-0.3384,-0.9509303931987536,2.054352616265417,0.29797763466835026,1.3822894,1.598,-0.4357957772866401
392,1.9178536231618368,0.4463,0.71540076,1.363,-0.7736879001797338,1.2178937885856906,0.6847607779502869,0.81944764,0.6807,1.564098269924261
393,0.5319409191825369,0.4883,-0.27502128,1.047,-0.47006058330067907,0.9629504748940128,-0.24145673364400863,1.0409077,0.7905,-1.4462463253892222
394,-1.8204544066647435,-1.179,0.4804915,-1.097,-0.9564543900697119,0.014143077662616278,0.5207655066251755,-1.1612805,-0.789,0.2027427233258659
395,0.502314573151304,1.173,0.9666799,0.4631,0.6447747648767316,1.9480499753996803,0.966915454864502,0.7796811,1.045,0.39877847350864326
396,-0.3708882777610781,-0.5884,-0.070296936,-0.575,-0.5190974190283413,0.14060080555339804,-0.05778967164456844,-0.6214879,0.1101,0.20015475131344868
397,-1.0886986193046457,-0.9277,-1.41894,-0.9385,-1.131544502894579,-1.5643535769957482,-1.4324266409873962,-0.9484727,-1.69,-1.1329207547414188
398,-0.13436016932322742,-0.1797,-3.0176616,-0.94,-0.3273818403062761,-1.1371913298816065,-3.000118250846863,-1.8067834,-0.1897,-1.0151751257909156
399,-1.2088438849255279,-0.817,-0.5016712,-0.981,0.21969571911679242,-0.4629277864024285,-0.4870375460386276,-0.6940151,-0.4563,-1.928735943893483
400,-2.0103081205019566,-1.654,-2.1675878,-1.556,-0.05955087875557291,-1.8844585267825338,-2.0969731092453,-1.4828569,-0.8174,-0.1467462992970813
401,-0.9734972619430562,-1.707,0.34852472,-0.2727,1.7931404532091448,-1.2746285051910775,0.43958935022354123,0.018605202,-2.406,0.21260998221656174
402,0.5997503099041593,1.498,0.9400916,0.7544,1.168549132272295,-0.0914483997921205,0.9165448820590972,2.1451583,-0.1621,0.3478521623439256
403,1.982993318333967,1.492,0.65338755,1.501,1.169172119334701,1.7399293633366313,0.6232550692558289,0.9577777,0.9517,2.3405092943379002
404,0.45656499356893565,0.4756,0.7900152,0.1951,-0.31860788303035836,-0.5820066401951175,0.7314911937713624,0.9933896,-0.5083,0.21588358794713225
405,-0.01533505980158933,0.7095,0.6138633,0.835,-1.4655016641616783,0.3051954800740455,0.6189253628253936,0.044157904,-0.449,-1.0765061408182979
406,-0.005715190816547297,0.034,0.14930673,1.085,-1.1121811024398491,0.2969343575927814,0.1796977186203003,0.034390893,0.1877,-1.1477969715491345
407,0.9883703387780143,-0.2064,-0.0132099,0.8677,-0.5898198194326217,-0.10820043662260273,-0.03739800378680229,-0.27215332,-0.28,-1.517879320033153
408,0.038831690002144134,-0.756,0.7290486,-0.4102,1.620897899274678,-0.8480806702871334,0.8010841536521912,1.6425598,-0.08594,0.6000430645602829
409,0.35187683369604666,0.627,-1.2073716,-0.3198,-0.6031351652299932,0.8170068944208998,-1.2038649225234983,-0.413759,0.3118,-0.5076445615895502
410,0.2800760841803993,-0.3625,0.06786689,0.124,-0.05795063087209371,-0.1357699564873482,0.07250379748642444,-0.34681043,0.1393,0.8392526156955957
411,-1.6214456326234796,-0.693,-0.58672833,-0.4517,-0.6445263721810331,-1.3716194125128303,-0.5066296768188476,-1.1952685,-0.925,-0.13484379550551367
412,2.142991760354735,1.286,0.8189293,1.615,-0.9163265367108906,0.5428339648468428,0.8147482335567474,0.8067457,1.118,0.22312056215597337
413,-1.5538797620654194,-1.046,-0.64508224,-1.348,-0.3184822161121906,-0.6945998254066762,-0.6420097053050995,-1.0853102,-1.778,-1.5057276233709267
414,-0.33231952113951235,-0.6885,0.8449605,0.3257,-0.45977995988885517,-0.790823960391621,0.8419588887691496,-1.306834,-0.1841,0.5807172243371774
415,2.2072616489690384,2.057,1.6673981,2.068,-0.33575473294974123,1.137357519902165,1.6441359877586366,0.8360093,1.741,0.5457240187430679
416,-0.6676121654495655,-1.162,0.202461,-0.4565,1.458045605267996,-1.1858856354936607,0.21314476251602174,-0.98660785,-0.672,0.48638792840870126
417,1.0369861092992096,0.556,-0.3165498,-0.3652,2.1452297465093473,0.589360930195039,-0.29044306695461275,0.52436984,0.1877,-0.7242822205825686
418,0.6121769246118138,0.629,-0.19508049,0.1725,-0.5280959724984315,0.3101690926778931,-0.1857624503970146,0.16993478,0.2966,1.365175951712046
419,0.2934750864337061,0.2183,0.16674928,0.5347,-0.6818093404136667,-0.3372051151494657,0.13464537814259528,1.3072116,0.316,-0.489483267432729
420,2.380252553221711,1.077,1.0437196,-0.5293,2.3221433665297617,-0.17144185958583674,1.0382561087608335,0.7114348,-0.639,0.029414523067607265
421,-1.198703156462654,-1.061,-1.2847874,-0.8643,0.2218173510224578,-1.095796008253602,-1.2909970903396606,-1.0041255,-0.0935,-0.09828894568167633
422,-0.9407580181996746,-1.178,-0.06369777,-0.6406,1.269850037136741,0.30475600658189383,-0.06485974736511707,-0.20735256,-1.092,0.5790521347164271
423,-0.4760923440338231,0.0758,1.3128661,0.48,0.504420859868435,0.007129004569137005,1.2655025243759155,1.8305134,-1.633,1.7791899356163097
424,-0.27285460709849196,0.2415,-0.05387249,0.4111,-1.0536844889147805,-1.176531804346671,-0.11276865094900132,0.2700432,-0.1971,1.6630642324436844
425,0.03477661464985983,-0.4639,0.0063242726,0.1515,-0.09882312756516215,-0.09874226731104647,0.012724806647747755,-0.75077665,-0.382,-0.3954002972658224
426,0.4723549600233516,1.726,1.5089191,0.1947,1.8638307684428315,0.3667649536128355,1.4639307427406312,0.70750433,0.9907,1.2306634409742347
427,-0.015334670239548107,0.48,0.4630796,0.1809,-0.8491361788363947,0.2910970791234688,0.5322525274753571,-0.52176964,-0.768,-1.7151794247580046
428,0.8649424781205702,-0.6646,-1.741925,0.422,-0.37859779387025355,0.4758425510892376,-1.6991945147514342,-0.5045418,2.191,-0.0546986711141948
429,0.60338356342169,0.2808,-2.194424,-0.921,-0.5731488995437476,-0.03382285278879376,-2.205057191848755,-0.67387897,2.346,-1.3807358302057762
430,1.106781034606242,0.9116,1.4497001,1.176,0.5741606519232128,0.6550101852023158,1.4715016293525696,1.3755409,1.351,2.7695988120678834
431,-1.1439891488079925,-1.027,-0.3825116,-0.796,-0.09065611476635584,-0.23962847568494386,-0.3412143969535828,-1.2871072,-0.9175,-0.6071181866501503
432,0.019744143664104655,-0.1462,0.80483246,0.2247,1.4279991798868832,0.689068669421719,0.8232827210426331,0.05302447,-0.75,-0.25934539335803325
433,0.8699477760756373,0.6255,0.16504265,1.271,0.17303184913113046,-0.011543639995550189,0.12206149831414223,0.35455322,0.705,0.6330573064695009
434,-0.7898048723901635,-0.525,-0.33097944,0.2705,0.061834006019906164,0.07098419470680227,-0.343669199347496,-0.36737016,-1.479,0.5119020761965837
435,-0.15898388988882098,0.553,1.0313352,-0.593,2.5861949623606684,0.9018491858161175,1.05067519903183,0.0926463,-1.989,0.3242265682338419
436,1.0534044276130823,1.621,-0.03609203,0.9297,0.07000369258292953,0.3468860155212754,-0.0604909659922123,1.0612261,1.33,-0.9980399459887576
437,-0.9654070785693937,-0.932,0.36108857,-0.7915,0.06896092453855741,0.148343884009136,0.39933652639389033,0.1683641,-0.2822,-0.545354456896653
438,-1.1858591989228902,-0.838,-1.684865,-1.799,-1.14466867455048,-0.7774969510566285,-1.6369774889945983,-2.6371813,-1.675,-0.5125575948593813
439,-0.15277936119215993,-0.6772,-1.1067015,-0.343,-0.4445903053758306,-0.10454247863906863,-1.0930447530746459,-0.7793163,0.1665,0.07533324653468025
440,0.008711710665637265,-0.1577,-0.15602194,-0.09784,-0.9280603509742964,-0.5354154004337811,-0.13365793615579605,-0.59256476,0.2917,-0.5182467956477027
441,-1.7074494893772785,-1.5625,-2.1642287,-1.4795,-0.2578211904539928,-1.0959871173453992,-2.0893629693984983,-1.4777149,-0.628,-1.8726542007866152
442,1.2387983394375013,2.447,1.2539768,1.053,1.8893144151887618,0.5610413852364814,1.0839859890937806,1.4140238,0.4607,1.0604136696705417
443,0.4264737447963592,0.8438,0.9003126,0.9033,-0.40023255702676247,0.7754811543278066,0.9041261565685271,1.0082754,0.4795,1.7831065135943984
444,-0.07065876095071898,-0.6304,-0.16561791,0.05188,-0.666020762716184,0.26656575743181105,-0.12815462291240692,0.5768143,0.26,-0.5019221810473925
445,0.3877290079876893,1.85,1.102967,0.3765,-0.21684308007437805,-0.6224823066394701,1.1724675798416138,0.24559839,-0.2683,-2.343337918410872
446,0.39166375617149823,0.1057,0.6415352,-0.1364,0.09845789137321245,-0.8702002853569207,0.6498071312904358,0.53642446,-1.678,0.7968834861612037
447,0.8702032398867098,-0.2854,1.6700201,-1.679,0.2989153422005994,0.7267937524490093,1.7212755751609805,0.74891454,0.2913,0.05268994916948187
448,1.1077780436163243,0.299,0.68518054,1.404,1.9965617716703434,-0.4180225002249875,0.6316700029373169,1.4954824,0.1055,0.9112517437170528
449,0.8031207836056425,0.2964,1.0430806,1.162,0.7936766940846638,-1.1456425275646087,1.1031485295295713,1.7488772,-0.5537,1.0197330096172548
450,0.09586566629224084,1.299,0.01990735,0.794,-1.0533328889203322,-0.06764340502430788,0.03173562873154878,1.3294694,-0.4841,1.372773353406339
451,-1.2854106025052474,-1.286,-0.33097568,-1.707,-0.4921164643212627,-0.9135333645536465,-0.3494201338291168,-1.0971564,-1.107,-0.8522901231384794
452,0.34343800313410217,0.68,-2.053491,-0.307,-0.7801998529286277,0.08183964116620022,-2.0956496715545656,-0.33569402,-0.503,-0.6786689625705734
453,1.5196026158654419,1.472,1.0892664,1.2,-1.72844765848913,1.2219080359782108,1.059516270160675,1.350146,1.109,1.0790344177239384
454,1.3446667684192097,0.1526,0.24973182,0.5493,0.3066786166027409,2.0170023989198285,0.2456221687793732,1.4649377,0.2722,-0.20386923696618547
455,-1.9763598132582934,-1.057,-1.1979452,-2.021,-0.16026489237453082,-1.9009455001137292,-1.224642527103424,-1.7032363,-1.096,-1.6435642025507118
456,1.770537685225009,1.321,1.5130755,0.8076,-0.5899748977571692,0.021063444424502108,1.4750205159187317,0.24019298,0.5747,1.87063828140723
457,-0.25755378281813346,-0.1395,0.24128266,-0.0469,1.2696093983572705,-0.46693102439173434,0.23171905368566512,-0.7939645,-1.205,0.5653898154734411
458,-0.3361546737965421,0.3892,0.71359897,-0.08887,0.4491675223377839,0.28948944475631444,0.692275322675705,0.6119965,0.01996,0.4750043469372292
459,-0.48805285011914007,0.1543,-0.03268598,0.378,-0.20469750612165755,-0.269420087849849,-0.0698388746380806,0.23171957,1.166,0.028247540966030646
460,-0.20837156187995018,0.504,0.90288734,0.2278,1.4365070976232746,0.1432177778938377,0.895731680393219,0.2660051,-0.05115,1.5005651060522438
461,0.99495442445959,0.3774,0.89591867,0.4563,-1.2218107828381934,0.15901589252859194,0.91809667468071,0.72337127,0.4456,1.4416785095403928
462,-1.122093882437625,-0.7485,-1.5235481,0.08704,0.31718784685506174,-0.638210971679116,-1.529427661895752,-0.2693017,0.3052,-0.784272747875567
463,-1.3013391931201437,-1.813,0.051760774,-0.745,0.24432108754927673,-1.025602201185065,0.011015318874269724,-0.1176301,-0.09656,0.6043818977455637
464,0.7019026152784279,-0.541,-0.9351943,-0.824,-0.363750381176922,-0.48131583898250685,-0.9762093257904052,-0.84826916,-0.5854,-2.4143465056329503
465,0.8844679821316158,0.8926,0.35590836,0.5376,-0.1411354462887319,-0.3041113516731664,0.36562787294387816,1.3631206,0.4219,1.378235756258409
466,0.6436048585130705,0.573,0.58297527,0.5005,1.5530939125125327,0.07421337778307074,0.5449911141395568,1.1879656,0.161,1.390650306387162
467,0.09459077947686566,-0.558,1.0042989,-0.179,-0.6732573055677069,0.12579156063126387,1.0521965646743774,1.5306315,-0.10516,-0.3230802826817205
468,-1.5846533920467016,-1.611,-0.9990384,-1.006,-0.6644579475317337,-1.2919727969138384,-0.9991623353958129,-0.9073223,-2.541,-0.18582983153580254
469,0.2621204468583727,0.2339,-0.61625934,1.109,0.15948254896483108,0.28657901958146953,-0.6586386394500732,-0.28413048,0.1636,-0.928523223084362
470,-0.9726819837167011,-1.042,-1.9654808,-0.5747,-1.2857632122467033,-0.33527858947228695,-1.904435226917267,-1.1401279,-0.7437,-2.285360775329281
471,0.8177925409377785,0.6206,-0.24800782,0.309,-1.0784168079159189,-0.5137228534639842,-0.2423975655436516,-0.08000919,0.24,-0.1359311164942789
472,0.9305116665274423,0.6875,0.4224248,0.937,-0.7702106698163843,-0.2765501745700591,0.3998025554418564,-0.39465618,-0.1814,1.6473543662058856
473,0.41789405794737,0.3887,-1.9309435,0.7153,-0.19818689025487038,-0.4688746811985058,-1.9228400874137879,-1.1187913,-0.13,-0.9662253801345447
474,0.10012619815570682,0.11633,0.9063385,0.2395,-0.4331051511845464,-1.0893483453767925,0.9338975048065186,0.539153,-0.9233,-0.7561556525989349
475,-0.6502986254963284,0.3535,0.03607223,0.2266,-1.7070508603478718,0.7413875483547828,0.016437330171465876,-0.7989099,-0.763,-0.9436701565934205
476,-0.9250162324010768,0.0685,-2.0874045,-1.034,-0.3932099153125478,-1.06685577673723,-2.106054730415344,-1.5367043,1.153,-1.2179679527472491
477,-1.3257149627059233,-0.961,0.5073658,-1.515,0.4006841558029046,-0.4246707374138191,0.4938038808107376,-1.5434762,-0.9395,-0.8347214715289304
478,0.4129715105488338,-0.707,0.37276796,0.1691,-0.6527562184389262,-0.8604075051248298,0.36531918942928315,0.04461651,0.6006,1.546109933362204
479,-1.5089987405212895,-0.01337,-0.15907621,-0.5034,-1.4959718811710792,0.326852518495076,-0.2715004348754883,-0.59270144,0.2922,-1.3046319243356275
480,-1.3211260507717466,-1.853,-1.4162455,-2.047,-0.8038025065483613,-1.4921956860006322,-1.4638672113418578,-2.3872647,-1.668,-0.04083821161436632
481,0.8542745980047276,1.055,1.2423923,0.803,1.4687620522470828,1.4293715340680455,1.234850459098816,0.9289978,0.833,0.7241000848514993
482,-1.1420130450888393,-1.424,0.6546625,-0.2686,2.222410624378198,-2.2908957371627543,0.6029221761226655,0.73344076,-1.319,0.13139639764786443
483,1.0070649226783108,1.0625,0.37865442,-0.00491,-0.7109400015506835,0.6544643267292987,0.3505346983671188,0.16117373,2.248,0.07142059235276148
484,0.8620219480031537,0.08044,0.4676497,0.602,-1.0737791638826764,0.4329464223198194,0.5234267872571945,1.0767014,-0.1713,-0.01280948375968616
485,-0.5238372773623992,-0.75,-1.2394472,-1.0205,-0.7216029732454448,-0.44727690269739345,-1.2054615807533264,-0.4419906,-0.9287,-1.6360773401862552
486,1.0773308440245115,1.546,1.3646735,1.516,-1.244660771831029,1.4376743607647207,1.304721336364746,0.4706114,0.882,0.9368015511117566
487,0.37445773357460044,0.04086,1.085025,-0.1521,-0.7404169151537157,0.4776571538055564,1.0334569537639617,1.4833181,0.083,-0.16790023811741717
488,-1.0786142080058567,-1.484,-0.984505,-1.245,0.17677645591611355,-1.1552257632101441,-1.022932184934616,-1.7959636,-1.667,-1.2743861657719107
489,-0.9423686534763343,-1.037,-0.37597504,-0.2157,-0.7821650696276364,0.25630576798731053,-0.3366820734739303,-0.41929698,-1.183,-1.4641263821302635
490,0.2623162861496663,-0.3767,0.24877591,0.8203,0.1098414425242772,0.46509737410505436,0.14757959097623824,-1.529189,0.501,-0.054022438113143334
491,1.580679770887066,0.9673,0.1758295,1.293,-1.7300479063726093,0.46203888708811486,0.13649566680192946,0.8479746,0.2462,1.5093635168648798
492,0.08176798932050468,-0.003101,0.11240892,-0.6123,1.6817220245500712,0.5298672251395833,0.04392902791500092,-0.60891974,-0.2268,0.6112844337932806
493,0.1638311966667147,-0.5586,1.0600864,-0.5444,-1.287022555192599,-1.0440049108072762,0.9746276998519898,0.61887705,-0.1537,-0.36247658657202436
494,0.8335428759666499,0.34,-0.34753552,0.6084,-0.4467172848099284,1.2380368674121691,-0.37597941517829897,0.41629213,0.5903,0.35720115338221625
495,0.16501550677547536,-0.575,0.5445334,-1.2,1.5604133420547595,0.03335420689547017,0.5220523440837861,0.3937006,-0.7715,1.3317738201534355
496,0.1692428202679997,-0.876,1.1909758,-0.2693,-0.2764827278019325,-0.7421699224001764,1.1428010511398317,-0.57010156,-1.51,-0.45011094859549206
497,-2.1757801412746525,-1.321,-1.099046,-2.354,-0.6265078751271232,-2.4605658546049094,-1.1142981934547425,-1.928799,-1.458,-1.3145779538380993
498,1.9780544254144796,2.201,0.2926024,1.16,0.003869471573886023,0.6603745080417603,0.3001060289144516,1.07769,0.2908,0.46978689182131944
499,-0.13800151652173323,0.799,1.6607498,-1.338,-0.9138800424529403,0.17717561937099763,1.9028948402404786,0.6038777,0.1924,1.2900308579068456
500,-1.0355811698688413,-1.923,-1.9994787,-1.647,-0.022047324975088926,-1.8183538496839695,-2.0039893484115603,-1.9530275,-2.49,-0.20722941805680728
